"Date";"CHLOROA";"year";"CHLOROA_noseason";"Code_point_Libelle";"Outlier";"Changepoint";"Trend";"pvaltrend";"pvalchange";"psens";"slopesens"
2007-03-05;NA;"2007";NA;"Anse de Carteau 2";"NON";NA;0,0631092713232512;0,0582289129694583;0,0038376897299522;0,0582289129694583;0,000512820512820513
2007-03-19;0,885;"2007";1,06153127131538;"Anse de Carteau 2";"NON";NA;0,0631092713232512;0,0582289129694583;0,0038376897299522;0,0582289129694583;0,000512820512820513
2007-04-02;1,16866666666667;"2007";1,0949335340855;"Anse de Carteau 2";"NON";NA;0,0631092713232512;0,0582289129694583;0,0038376897299522;0,0582289129694583;0,000512820512820513
2007-04-16;1,23923076923077;"2007";1,19386660584435;"Anse de Carteau 2";"NON";NA;0,0631092713232512;0,0582289129694583;0,0038376897299522;0,0582289129694583;0,000512820512820513
2007-04-30;0,956875;"2007";0,609450834988328;"Anse de Carteau 2";"NON";NA;0,0631092713232512;0,0582289129694583;0,0038376897299522;0,0582289129694583;0,000512820512820513
2007-05-14;0,658333333333333;"2007";0,329926112503262;"Anse de Carteau 2";"NON";NA;0,0631092713232512;0,0582289129694583;0,0038376897299522;0,0582289129694583;0,000512820512820513
2007-05-28;0,65;"2007";0,536645540585082;"Anse de Carteau 2";"NON";NA;0,0631092713232512;0,0582289129694583;0,0038376897299522;0,0582289129694583;0,000512820512820513
2007-06-11;0,165;"2007";-0,272850161367813;"Anse de Carteau 2";"NON";NA;0,0631092713232512;0,0582289129694583;0,0038376897299522;0,0582289129694583;0,000512820512820513
2007-06-25;0,05;"2007";-0,29581122708273;"Anse de Carteau 2";"NON";NA;0,0631092713232512;0,0582289129694583;0,0038376897299522;0,0582289129694583;0,000512820512820513
2007-07-09;4,25;"2007";4,02956987337018;"Anse de Carteau 2";"OUI";NA;0,0631092713232512;0,0582289129694583;0,0038376897299522;0,0582289129694583;0,000512820512820513
2007-07-23;4,745;"2007";4,60692389602158;"Anse de Carteau 2";"OUI";NA;0,0631092713232512;0,0582289129694583;0,0038376897299522;0,0582289129694583;0,000512820512820513
2007-08-06;1,04;"2007";1,31783339534159;"Anse de Carteau 2";"NON";NA;0,0631092713232512;0,0582289129694583;0,0038376897299522;0,0582289129694583;0,000512820512820513
2007-08-20;1,02;"2007";0,954246270847172;"Anse de Carteau 2";"NON";NA;0,0631092713232512;0,0582289129694583;0,0038376897299522;0,0582289129694583;0,000512820512820513
2007-09-03;0,91;"2007";0,847065395642671;"Anse de Carteau 2";"NON";NA;0,0631092713232512;0,0582289129694583;0,0038376897299522;0,0582289129694583;0,000512820512820513
2007-09-17;0,66;"2007";1,02210194736585;"Anse de Carteau 2";"NON";NA;0,0631092713232512;0,0582289129694583;0,0038376897299522;0,0582289129694583;0,000512820512820513
2007-10-01;0,275;"2007";0,164371093089533;"Anse de Carteau 2";"NON";NA;0,0631092713232512;0,0582289129694583;0,0038376897299522;0,0582289129694583;0,000512820512820513
2007-10-15;0,26;"2007";-0,425823904352254;"Anse de Carteau 2";"NON";NA;0,0631092713232512;0,0582289129694583;0,0038376897299522;0,0582289129694583;0,000512820512820513
2007-10-29;0,63;"2007";0,363678090358676;"Anse de Carteau 2";"NON";NA;0,0631092713232512;0,0582289129694583;0,0038376897299522;0,0582289129694583;0,000512820512820513
2007-11-12;0,46;"2007";0,432248974090857;"Anse de Carteau 2";"NON";NA;0,0631092713232512;0,0582289129694583;0,0038376897299522;0,0582289129694583;0,000512820512820513
2007-11-26;0,33;"2007";0,661921994060198;"Anse de Carteau 2";"NON";NA;0,0631092713232512;0,0582289129694583;0,0038376897299522;0,0582289129694583;0,000512820512820513
2007-12-10;0,481875;"2007";0,965636859177774;"Anse de Carteau 2";"NON";NA;0,0631092713232512;0,0582289129694583;0,0038376897299522;0,0582289129694583;0,000512820512820513
2007-12-24;0,37;"2007";0,773677121880515;"Anse de Carteau 2";"NON";NA;0,0631092713232512;0,0582289129694583;0,0038376897299522;0,0582289129694583;0,000512820512820513
2008-01-07;0,333846153846154;"2008";0,456686794249599;"Anse de Carteau 2";"NON";NA;0,0631092713232512;0,0582289129694583;0,0038376897299522;0,0582289129694583;0,000512820512820513
2008-01-21;0,249230769230769;"2008";0,521577942871411;"Anse de Carteau 2";"NON";NA;0,0631092713232512;0,0582289129694583;0,0038376897299522;0,0582289129694583;0,000512820512820513
2008-02-04;0,06;"2008";0,250362935178864;"Anse de Carteau 2";"NON";NA;0,0631092713232512;0,0582289129694583;0,0038376897299522;0,0582289129694583;0,000512820512820513
2008-02-18;0,135333333333333;"2008";0,589982745962384;"Anse de Carteau 2";"NON";NA;0,0631092713232512;0,0582289129694583;0,0038376897299522;0,0582289129694583;0,000512820512820513
2008-03-03;0,366923076923077;"2008";0,560560166536136;"Anse de Carteau 2";"NON";NA;0,0631092713232512;0,0582289129694583;0,0038376897299522;0,0582289129694583;0,000512820512820513
2008-03-17;0,582666666666667;"2008";0,759197937982048;"Anse de Carteau 2";"NON";NA;0,0631092713232512;0,0582289129694583;0,0038376897299522;0,0582289129694583;0,000512820512820513
2008-03-31;0,749230769230769;"2008";0,675497636649607;"Anse de Carteau 2";"NON";NA;0,0631092713232512;0,0582289129694583;0,0038376897299522;0,0582289129694583;0,000512820512820513
2008-04-14;0,725;"2008";0,679635836613581;"Anse de Carteau 2";"NON";NA;0,0631092713232512;0,0582289129694583;0,0038376897299522;0,0582289129694583;0,000512820512820513
2008-04-28;2,875;"2008";2,52757583498833;"Anse de Carteau 2";"NON";NA;0,0631092713232512;0,0582289129694583;0,0038376897299522;0,0582289129694583;0,000512820512820513
2008-05-12;3,21;"2008";2,88159277916993;"Anse de Carteau 2";"OUI";NA;0,0631092713232512;0,0582289129694583;0,0038376897299522;0,0582289129694583;0,000512820512820513
2008-05-26;2,455;"2008";2,34164554058508;"Anse de Carteau 2";"NON";NA;0,0631092713232512;0,0582289129694583;0,0038376897299522;0,0582289129694583;0,000512820512820513
2008-06-09;2,54;"2008";2,10214983863219;"Anse de Carteau 2";"NON";NA;0,0631092713232512;0,0582289129694583;0,0038376897299522;0,0582289129694583;0,000512820512820513
2008-06-23;1,32241379310345;"2008";0,976602566020718;"Anse de Carteau 2";"NON";NA;0,0631092713232512;0,0582289129694583;0,0038376897299522;0,0582289129694583;0,000512820512820513
2008-07-07;1,18724137931034;"2008";0,966811252680529;"Anse de Carteau 2";"NON";NA;0,0631092713232512;0,0582289129694583;0,0038376897299522;0,0582289129694583;0,000512820512820513
2008-07-21;1,81153846153846;"2008";1,67346235756004;"Anse de Carteau 2";"NON";NA;0,0631092713232512;0,0582289129694583;0,0038376897299522;0,0582289129694583;0,000512820512820513
2008-08-04;1,455;"2008";1,73283339534159;"Anse de Carteau 2";"NON";NA;0,0631092713232512;0,0582289129694583;0,0038376897299522;0,0582289129694583;0,000512820512820513
2008-08-18;0,185;"2008";0,119246270847172;"Anse de Carteau 2";"NON";NA;0,0631092713232512;0,0582289129694583;0,0038376897299522;0,0582289129694583;0,000512820512820513
2008-09-01;0,6;"2008";0,537065395642672;"Anse de Carteau 2";"NON";NA;0,0631092713232512;0,0582289129694583;0,0038376897299522;0,0582289129694583;0,000512820512820513
2008-09-15;0,97;"2008";1,33210194736585;"Anse de Carteau 2";"NON";NA;0,0631092713232512;0,0582289129694583;0,0038376897299522;0,0582289129694583;0,000512820512820513
2008-09-29;0,83;"2008";0,719371093089533;"Anse de Carteau 2";"NON";NA;0,0631092713232512;0,0582289129694583;0,0038376897299522;0,0582289129694583;0,000512820512820513
2008-10-13;0,7325;"2008";0,046676095647746;"Anse de Carteau 2";"NON";NA;0,0631092713232512;0,0582289129694583;0,0038376897299522;0,0582289129694583;0,000512820512820513
2008-10-27;0,5375;"2008";0,271178090358676;"Anse de Carteau 2";"NON";NA;0,0631092713232512;0,0582289129694583;0,0038376897299522;0,0582289129694583;0,000512820512820513
2008-11-10;1,235;"2008";1,20724897409086;"Anse de Carteau 2";"NON";NA;0,0631092713232512;0,0582289129694583;0,0038376897299522;0,0582289129694583;0,000512820512820513
2008-11-24;1,105;"2008";1,4369219940602;"Anse de Carteau 2";"NON";NA;0,0631092713232512;0,0582289129694583;0,0038376897299522;0,0582289129694583;0,000512820512820513
2008-12-08;0,305;"2008";0,788761859177774;"Anse de Carteau 2";"NON";NA;0,0631092713232512;0,0582289129694583;0,0038376897299522;0,0582289129694583;0,000512820512820513
2008-12-22;0,26;"2008";0,663677121880515;"Anse de Carteau 2";"NON";NA;0,0631092713232512;0,0582289129694583;0,0038376897299522;0,0582289129694583;0,000512820512820513
2009-01-05;0,07;"2009";0,192840640403445;"Anse de Carteau 2";"NON";NA;0,0631092713232512;0,0582289129694583;0,0038376897299522;0,0582289129694583;0,000512820512820513
2009-01-19;3,69;"2009";3,96234717364064;"Anse de Carteau 2";"OUI";NA;0,0631092713232512;0,0582289129694583;0,0038376897299522;0,0582289129694583;0,000512820512820513
2009-02-02;1,915;"2009";2,10536293517886;"Anse de Carteau 2";"NON";NA;0,0631092713232512;0,0582289129694583;0,0038376897299522;0,0582289129694583;0,000512820512820513
2009-02-16;0,14;"2009";0,594649412629051;"Anse de Carteau 2";"NON";NA;0,0631092713232512;0,0582289129694583;0,0038376897299522;0,0582289129694583;0,000512820512820513
2009-03-02;0,833333333333333;"2009";1,02697042294639;"Anse de Carteau 2";"NON";NA;0,0631092713232512;0,0582289129694583;0,0038376897299522;0,0582289129694583;0,000512820512820513
2009-03-16;1,52666666666667;"2009";1,70319793798205;"Anse de Carteau 2";"NON";NA;0,0631092713232512;0,0582289129694583;0,0038376897299522;0,0582289129694583;0,000512820512820513
2009-03-30;2,22;"2009";2,14626686741884;"Anse de Carteau 2";"NON";NA;0,0631092713232512;0,0582289129694583;0,0038376897299522;0,0582289129694583;0,000512820512820513
2009-04-13;2,864;"2009";2,81863583661358;"Anse de Carteau 2";"NON";NA;0,0631092713232512;0,0582289129694583;0,0038376897299522;0,0582289129694583;0,000512820512820513
2009-04-27;1,25;"2009";0,902575834988328;"Anse de Carteau 2";"NON";NA;0,0631092713232512;0,0582289129694583;0,0038376897299522;0,0582289129694583;0,000512820512820513
2009-05-11;3,05;"2009";2,72159277916993;"Anse de Carteau 2";"NON";NA;0,0631092713232512;0,0582289129694583;0,0038376897299522;0,0582289129694583;0,000512820512820513
2009-05-25;3,6;"2009";3,48664554058508;"Anse de Carteau 2";"OUI";NA;0,0631092713232512;0,0582289129694583;0,0038376897299522;0,0582289129694583;0,000512820512820513
2009-06-08;0,55;"2009";0,112149838632187;"Anse de Carteau 2";"NON";NA;0,0631092713232512;0,0582289129694583;0,0038376897299522;0,0582289129694583;0,000512820512820513
2009-06-22;2,27;"2009";1,92418877291727;"Anse de Carteau 2";"NON";NA;0,0631092713232512;0,0582289129694583;0,0038376897299522;0,0582289129694583;0,000512820512820513
2009-07-06;0,28;"2009";0,0595698733701842;"Anse de Carteau 2";"NON";NA;0,0631092713232512;0,0582289129694583;0,0038376897299522;0,0582289129694583;0,000512820512820513
2009-07-20;0,69;"2009";0,551923896021579;"Anse de Carteau 2";"NON";NA;0,0631092713232512;0,0582289129694583;0,0038376897299522;0,0582289129694583;0,000512820512820513
2009-08-03;0,28;"2009";0,557833395341586;"Anse de Carteau 2";"NON";NA;0,0631092713232512;0,0582289129694583;0,0038376897299522;0,0582289129694583;0,000512820512820513
2009-08-17;0,55;"2009";0,484246270847172;"Anse de Carteau 2";"NON";NA;0,0631092713232512;0,0582289129694583;0,0038376897299522;0,0582289129694583;0,000512820512820513
2009-08-31;0,05;"2009";-0,0129346043573284;"Anse de Carteau 2";"NON";NA;0,0631092713232512;0,0582289129694583;0,0038376897299522;0,0582289129694583;0,000512820512820513
2009-09-14;0,085;"2009";0,447101947365852;"Anse de Carteau 2";"NON";NA;0,0631092713232512;0,0582289129694583;0,0038376897299522;0,0582289129694583;0,000512820512820513
2009-09-28;1,9;"2009";1,78937109308953;"Anse de Carteau 2";"NON";NA;0,0631092713232512;0,0582289129694583;0,0038376897299522;0,0582289129694583;0,000512820512820513
2009-10-12;1,41333333333333;"2009";0,727509428981079;"Anse de Carteau 2";"NON";NA;0,0631092713232512;0,0582289129694583;0,0038376897299522;0,0582289129694583;0,000512820512820513
2009-10-26;0,926666666666667;"2009";0,660344757025343;"Anse de Carteau 2";"NON";NA;0,0631092713232512;0,0582289129694583;0,0038376897299522;0,0582289129694583;0,000512820512820513
2009-11-09;0,44;"2009";0,412248974090857;"Anse de Carteau 2";"NON";NA;0,0631092713232512;0,0582289129694583;0,0038376897299522;0,0582289129694583;0,000512820512820513
2009-11-23;0,46;"2009";0,791921994060198;"Anse de Carteau 2";"NON";NA;0,0631092713232512;0,0582289129694583;0,0038376897299522;0,0582289129694583;0,000512820512820513
2009-12-07;0,46;"2009";0,943761859177774;"Anse de Carteau 2";"NON";NA;0,0631092713232512;0,0582289129694583;0,0038376897299522;0,0582289129694583;0,000512820512820513
2009-12-21;0,92;"2009";1,32367712188052;"Anse de Carteau 2";"NON";NA;0,0631092713232512;0,0582289129694583;0,0038376897299522;0,0582289129694583;0,000512820512820513
2010-01-04;0,24;"2010";0,362840640403445;"Anse de Carteau 2";"NON";NA;0,0631092713232512;0,0582289129694583;0,0038376897299522;0,0582289129694583;0,000512820512820513
2010-01-18;0,34;"2010";0,612347173640642;"Anse de Carteau 2";"NON";NA;0,0631092713232512;0,0582289129694583;0,0038376897299522;0,0582289129694583;0,000512820512820513
2010-02-01;0,16;"2010";0,350362935178864;"Anse de Carteau 2";"NON";NA;0,0631092713232512;0,0582289129694583;0,0038376897299522;0,0582289129694583;0,000512820512820513
2010-02-15;0,15;"2010";0,604649412629051;"Anse de Carteau 2";"NON";NA;0,0631092713232512;0,0582289129694583;0,0038376897299522;0,0582289129694583;0,000512820512820513
2010-03-01;0,23;"2010";0,423637089613059;"Anse de Carteau 2";"NON";NA;0,0631092713232512;0,0582289129694583;0,0038376897299522;0,0582289129694583;0,000512820512820513
2010-03-15;0,455;"2010";0,631531271315382;"Anse de Carteau 2";"NON";NA;0,0631092713232512;0,0582289129694583;0,0038376897299522;0,0582289129694583;0,000512820512820513
2010-03-29;0,68;"2010";0,606266867418838;"Anse de Carteau 2";"NON";NA;0,0631092713232512;0,0582289129694583;0,0038376897299522;0,0582289129694583;0,000512820512820513
2010-04-12;1,04;"2010";0,994635836613581;"Anse de Carteau 2";"NON";NA;0,0631092713232512;0,0582289129694583;0,0038376897299522;0,0582289129694583;0,000512820512820513
2010-04-26;0,79;"2010";0,442575834988328;"Anse de Carteau 2";"NON";NA;0,0631092713232512;0,0582289129694583;0,0038376897299522;0,0582289129694583;0,000512820512820513
2010-05-10;0,54;"2010";0,211592779169928;"Anse de Carteau 2";"NON";NA;0,0631092713232512;0,0582289129694583;0,0038376897299522;0,0582289129694583;0,000512820512820513
2010-05-24;0,465333333333333;"2010";0,351978873918415;"Anse de Carteau 2";"NON";NA;0,0631092713232512;0,0582289129694583;0,0038376897299522;0,0582289129694583;0,000512820512820513
2010-06-07;3,12;"2010";2,68214983863219;"Anse de Carteau 2";"NON";NA;0,0631092713232512;0,0582289129694583;0,0038376897299522;0,0582289129694583;0,000512820512820513
2010-06-21;0,01;"2010";-0,33581122708273;"Anse de Carteau 2";"NON";NA;0,0631092713232512;0,0582289129694583;0,0038376897299522;0,0582289129694583;0,000512820512820513
2010-07-05;0,85;"2010";0,629569873370184;"Anse de Carteau 2";"NON";NA;0,0631092713232512;0,0582289129694583;0,0038376897299522;0,0582289129694583;0,000512820512820513
2010-07-19;1,41;"2010";1,27192389602158;"Anse de Carteau 2";"NON";NA;0,0631092713232512;0,0582289129694583;0,0038376897299522;0,0582289129694583;0,000512820512820513
2010-08-02;1,51;"2010";1,78783339534159;"Anse de Carteau 2";"NON";NA;0,0631092713232512;0,0582289129694583;0,0038376897299522;0,0582289129694583;0,000512820512820513
2010-08-16;0,95;"2010";0,884246270847172;"Anse de Carteau 2";"NON";NA;0,0631092713232512;0,0582289129694583;0,0038376897299522;0,0582289129694583;0,000512820512820513
2010-08-30;0,55;"2010";0,487065395642672;"Anse de Carteau 2";"NON";NA;0,0631092713232512;0,0582289129694583;0,0038376897299522;0,0582289129694583;0,000512820512820513
2010-09-13;1,2325;"2010";1,59460194736585;"Anse de Carteau 2";"NON";NA;0,0631092713232512;0,0582289129694583;0,0038376897299522;0,0582289129694583;0,000512820512820513
2010-09-27;1,33;"2010";1,21937109308953;"Anse de Carteau 2";"NON";NA;0,0631092713232512;0,0582289129694583;0,0038376897299522;0,0582289129694583;0,000512820512820513
2010-10-11;3,206;"2010";2,52017609564775;"Anse de Carteau 2";"NON";NA;0,0631092713232512;0,0582289129694583;0,0038376897299522;0,0582289129694583;0,000512820512820513
2010-10-25;2,34814814814815;"2010";2,08182623850682;"Anse de Carteau 2";"NON";NA;0,0631092713232512;0,0582289129694583;0,0038376897299522;0,0582289129694583;0,000512820512820513
2010-11-08;1,28;"2010";1,25224897409086;"Anse de Carteau 2";"NON";NA;0,0631092713232512;0,0582289129694583;0,0038376897299522;0,0582289129694583;0,000512820512820513
2010-11-22;0,32;"2010";0,651921994060198;"Anse de Carteau 2";"NON";NA;0,0631092713232512;0,0582289129694583;0,0038376897299522;0,0582289129694583;0,000512820512820513
2010-12-06;0,516666666666667;"2010";1,00042852584444;"Anse de Carteau 2";"NON";NA;0,0631092713232512;0,0582289129694583;0,0038376897299522;0,0582289129694583;0,000512820512820513
2010-12-20;0,713333333333333;"2010";1,11701045521385;"Anse de Carteau 2";"NON";NA;0,0631092713232512;0,0582289129694583;0,0038376897299522;0,0582289129694583;0,000512820512820513
2011-01-03;0,91;"2011";1,03284064040344;"Anse de Carteau 2";"NON";NA;0,0631092713232512;0,0582289129694583;0,0038376897299522;0,0582289129694583;0,000512820512820513
2011-01-17;1,455;"2011";1,72734717364064;"Anse de Carteau 2";"NON";NA;0,0631092713232512;0,0582289129694583;0,0038376897299522;0,0582289129694583;0,000512820512820513
2011-01-31;2;"2011";2,19036293517886;"Anse de Carteau 2";"NON";NA;0,0631092713232512;0,0582289129694583;0,0038376897299522;0,0582289129694583;0,000512820512820513
2011-02-14;0,36;"2011";0,814649412629051;"Anse de Carteau 2";"NON";NA;0,0631092713232512;0,0582289129694583;0,0038376897299522;0,0582289129694583;0,000512820512820513
2011-02-28;0,15;"2011";0,343637089613059;"Anse de Carteau 2";"NON";NA;0,0631092713232512;0,0582289129694583;0,0038376897299522;0,0582289129694583;0,000512820512820513
2011-03-14;1,26;"2011";1,43653127131538;"Anse de Carteau 2";"NON";NA;0,0631092713232512;0,0582289129694583;0,0038376897299522;0,0582289129694583;0,000512820512820513
2011-03-28;0,78;"2011";0,706266867418838;"Anse de Carteau 2";"NON";NA;0,0631092713232512;0,0582289129694583;0,0038376897299522;0,0582289129694583;0,000512820512820513
2011-04-11;0,3;"2011";0,254635836613581;"Anse de Carteau 2";"NON";NA;0,0631092713232512;0,0582289129694583;0,0038376897299522;0,0582289129694583;0,000512820512820513
2011-04-25;3,352;"2011";3,00457583498833;"Anse de Carteau 2";"OUI";NA;0,0631092713232512;0,0582289129694583;0,0038376897299522;0,0582289129694583;0,000512820512820513
2011-05-09;0,63;"2011";0,301592779169928;"Anse de Carteau 2";"NON";NA;0,0631092713232512;0,0582289129694583;0,0038376897299522;0,0582289129694583;0,000512820512820513
2011-05-23;0,63;"2011";0,516645540585082;"Anse de Carteau 2";"NON";NA;0,0631092713232512;0,0582289129694583;0,0038376897299522;0,0582289129694583;0,000512820512820513
2011-06-06;4,12;"2011";3,68214983863219;"Anse de Carteau 2";"OUI";NA;0,0631092713232512;0,0582289129694583;0,0038376897299522;0,0582289129694583;0,000512820512820513
2011-06-20;2,385;"2011";2,03918877291727;"Anse de Carteau 2";"NON";NA;0,0631092713232512;0,0582289129694583;0,0038376897299522;0,0582289129694583;0,000512820512820513
2011-07-04;0,65;"2011";0,429569873370184;"Anse de Carteau 2";"NON";NA;0,0631092713232512;0,0582289129694583;0,0038376897299522;0,0582289129694583;0,000512820512820513
2011-07-18;1,53;"2011";1,39192389602158;"Anse de Carteau 2";"NON";NA;0,0631092713232512;0,0582289129694583;0,0038376897299522;0,0582289129694583;0,000512820512820513
2011-08-01;0,21;"2011";0,487833395341586;"Anse de Carteau 2";"NON";NA;0,0631092713232512;0,0582289129694583;0,0038376897299522;0,0582289129694583;0,000512820512820513
2011-08-15;0,583333333333333;"2011";0,517579604180505;"Anse de Carteau 2";"NON";NA;0,0631092713232512;0,0582289129694583;0,0038376897299522;0,0582289129694583;0,000512820512820513
2011-08-29;0,47;"2011";0,407065395642672;"Anse de Carteau 2";"NON";NA;0,0631092713232512;0,0582289129694583;0,0038376897299522;0,0582289129694583;0,000512820512820513
2011-09-12;0,93;"2011";1,29210194736585;"Anse de Carteau 2";"NON";NA;0,0631092713232512;0,0582289129694583;0,0038376897299522;0,0582289129694583;0,000512820512820513
2011-09-26;2,36;"2011";2,24937109308953;"Anse de Carteau 2";"NON";NA;0,0631092713232512;0,0582289129694583;0,0038376897299522;0,0582289129694583;0,000512820512820513
2011-10-10;0,83;"2011";0,144176095647746;"Anse de Carteau 2";"NON";NA;0,0631092713232512;0,0582289129694583;0,0038376897299522;0,0582289129694583;0,000512820512820513
2011-10-24;0,41;"2011";0,143678090358676;"Anse de Carteau 2";"NON";NA;0,0631092713232512;0,0582289129694583;0,0038376897299522;0,0582289129694583;0,000512820512820513
2011-11-07;0,74;"2011";0,712248974090857;"Anse de Carteau 2";"NON";NA;0,0631092713232512;0,0582289129694583;0,0038376897299522;0,0582289129694583;0,000512820512820513
2011-11-21;1,07;"2011";1,4019219940602;"Anse de Carteau 2";"NON";NA;0,0631092713232512;0,0582289129694583;0,0038376897299522;0,0582289129694583;0,000512820512820513
2011-12-05;0,13;"2011";0,613761859177774;"Anse de Carteau 2";"NON";NA;0,0631092713232512;0,0582289129694583;0,0038376897299522;0,0582289129694583;0,000512820512820513
2011-12-19;0,46;"2011";0,863677121880515;"Anse de Carteau 2";"NON";NA;0,0631092713232512;0,0582289129694583;0,0038376897299522;0,0582289129694583;0,000512820512820513
2012-01-02;0,38;"2012";0,502840640403445;"Anse de Carteau 2";"NON";NA;0,0631092713232512;0,0582289129694583;0,0038376897299522;0,0582289129694583;0,000512820512820513
2012-01-16;0,23;"2012";0,502347173640642;"Anse de Carteau 2";"NON";NA;0,0631092713232512;0,0582289129694583;0,0038376897299522;0,0582289129694583;0,000512820512820513
2012-01-30;0,65;"2012";0,840362935178864;"Anse de Carteau 2";"NON";NA;0,0631092713232512;0,0582289129694583;0,0038376897299522;0,0582289129694583;0,000512820512820513
2012-02-13;1,11454545454545;"2012";1,56919486717451;"Anse de Carteau 2";"NON";NA;0,0631092713232512;0,0582289129694583;0,0038376897299522;0,0582289129694583;0,000512820512820513
2012-02-27;1,64;"2012";1,83363708961306;"Anse de Carteau 2";"NON";NA;0,0631092713232512;0,0582289129694583;0,0038376897299522;0,0582289129694583;0,000512820512820513
2012-03-12;0,34;"2012";0,516531271315382;"Anse de Carteau 2";"NON";NA;0,0631092713232512;0,0582289129694583;0,0038376897299522;0,0582289129694583;0,000512820512820513
2012-03-26;1,17;"2012";1,09626686741884;"Anse de Carteau 2";"NON";NA;0,0631092713232512;0,0582289129694583;0,0038376897299522;0,0582289129694583;0,000512820512820513
2012-04-09;1,394;"2012";1,34863583661358;"Anse de Carteau 2";"NON";NA;0,0631092713232512;0,0582289129694583;0,0038376897299522;0,0582289129694583;0,000512820512820513
2012-04-23;0,74;"2012";0,392575834988328;"Anse de Carteau 2";"NON";NA;0,0631092713232512;0,0582289129694583;0,0038376897299522;0,0582289129694583;0,000512820512820513
2012-05-07;0,99375;"2012";0,665342779169928;"Anse de Carteau 2";"NON";NA;0,0631092713232512;0,0582289129694583;0,0038376897299522;0,0582289129694583;0,000512820512820513
2012-05-21;0,65;"2012";0,536645540585082;"Anse de Carteau 2";"NON";NA;0,0631092713232512;0,0582289129694583;0,0038376897299522;0,0582289129694583;0,000512820512820513
2012-06-04;1,29;"2012";0,852149838632187;"Anse de Carteau 2";"NON";NA;0,0631092713232512;0,0582289129694583;0,0038376897299522;0,0582289129694583;0,000512820512820513
2012-06-18;3,21;"2012";2,86418877291727;"Anse de Carteau 2";"NON";NA;0,0631092713232512;0,0582289129694583;0,0038376897299522;0,0582289129694583;0,000512820512820513
2012-07-02;1,35;"2012";1,12956987337018;"Anse de Carteau 2";"NON";NA;0,0631092713232512;0,0582289129694583;0,0038376897299522;0,0582289129694583;0,000512820512820513
2012-07-16;0,42;"2012";0,281923896021579;"Anse de Carteau 2";"NON";NA;0,0631092713232512;0,0582289129694583;0,0038376897299522;0,0582289129694583;0,000512820512820513
2012-07-30;0,62;"2012";0,897833395341586;"Anse de Carteau 2";"NON";NA;0,0631092713232512;0,0582289129694583;0,0038376897299522;0,0582289129694583;0,000512820512820513
2012-08-13;1,39;"2012";1,32424627084717;"Anse de Carteau 2";"NON";NA;0,0631092713232512;0,0582289129694583;0,0038376897299522;0,0582289129694583;0,000512820512820513
2012-08-27;0,64;"2012";0,577065395642672;"Anse de Carteau 2";"NON";NA;0,0631092713232512;0,0582289129694583;0,0038376897299522;0,0582289129694583;0,000512820512820513
2012-09-10;0,06;"2012";0,422101947365852;"Anse de Carteau 2";"NON";NA;0,0631092713232512;0,0582289129694583;0,0038376897299522;0,0582289129694583;0,000512820512820513
2012-09-24;0,51;"2012";0,399371093089533;"Anse de Carteau 2";"NON";NA;0,0631092713232512;0,0582289129694583;0,0038376897299522;0,0582289129694583;0,000512820512820513
2012-10-08;2,92;"2012";2,23417609564775;"Anse de Carteau 2";"NON";NA;0,0631092713232512;0,0582289129694583;0,0038376897299522;0,0582289129694583;0,000512820512820513
2012-10-22;6,17;"2012";5,90367809035868;"Anse de Carteau 2";"OUI";NA;0,0631092713232512;0,0582289129694583;0,0038376897299522;0,0582289129694583;0,000512820512820513
2012-11-05;0,9;"2012";0,872248974090857;"Anse de Carteau 2";"NON";NA;0,0631092713232512;0,0582289129694583;0,0038376897299522;0,0582289129694583;0,000512820512820513
2012-11-19;0,22;"2012";0,551921994060198;"Anse de Carteau 2";"NON";NA;0,0631092713232512;0,0582289129694583;0,0038376897299522;0,0582289129694583;0,000512820512820513
2012-12-03;0,22;"2012";0,703761859177774;"Anse de Carteau 2";"NON";NA;0,0631092713232512;0,0582289129694583;0,0038376897299522;0,0582289129694583;0,000512820512820513
2012-12-17;0,24;"2012";0,643677121880515;"Anse de Carteau 2";"NON";NA;0,0631092713232512;0,0582289129694583;0,0038376897299522;0,0582289129694583;0,000512820512820513
2012-12-31;0,26;"2012";0,382840640403445;"Anse de Carteau 2";"NON";NA;0,0631092713232512;0,0582289129694583;0,0038376897299522;0,0582289129694583;0,000512820512820513
2013-01-14;0,28;"2013";0,552347173640642;"Anse de Carteau 2";"NON";NA;0,0631092713232512;0,0582289129694583;0,0038376897299522;0,0582289129694583;0,000512820512820513
2013-01-28;0,33;"2013";0,520362935178864;"Anse de Carteau 2";"NON";NA;0,0631092713232512;0,0582289129694583;0,0038376897299522;0,0582289129694583;0,000512820512820513
2013-02-11;0,48;"2013";0,934649412629051;"Anse de Carteau 2";"NON";NA;0,0631092713232512;0,0582289129694583;0,0038376897299522;0,0582289129694583;0,000512820512820513
2013-02-25;0,09;"2013";0,283637089613059;"Anse de Carteau 2";"NON";NA;0,0631092713232512;0,0582289129694583;0,0038376897299522;0,0582289129694583;0,000512820512820513
2013-03-11;0,4;"2013";0,576531271315382;"Anse de Carteau 2";"NON";NA;0,0631092713232512;0,0582289129694583;0,0038376897299522;0,0582289129694583;0,000512820512820513
2013-03-25;1,19;"2013";1,11626686741884;"Anse de Carteau 2";"NON";NA;0,0631092713232512;0,0582289129694583;0,0038376897299522;0,0582289129694583;0,000512820512820513
2013-04-08;0,42;"2013";0,374635836613581;"Anse de Carteau 2";"NON";NA;0,0631092713232512;0,0582289129694583;0,0038376897299522;0,0582289129694583;0,000512820512820513
2013-04-22;0,18;"2013";-0,167424165011672;"Anse de Carteau 2";"NON";NA;0,0631092713232512;0,0582289129694583;0,0038376897299522;0,0582289129694583;0,000512820512820513
2013-05-06;0,86;"2013";0,531592779169928;"Anse de Carteau 2";"NON";NA;0,0631092713232512;0,0582289129694583;0,0038376897299522;0,0582289129694583;0,000512820512820513
2013-05-20;0,710666666666667;"2013";0,597312207251748;"Anse de Carteau 2";"NON";NA;0,0631092713232512;0,0582289129694583;0,0038376897299522;0,0582289129694583;0,000512820512820513
2013-06-03;0,29;"2013";-0,147850161367813;"Anse de Carteau 2";"NON";NA;0,0631092713232512;0,0582289129694583;0,0038376897299522;0,0582289129694583;0,000512820512820513
2013-06-17;1,16;"2013";0,81418877291727;"Anse de Carteau 2";"NON";NA;0,0631092713232512;0,0582289129694583;0,0038376897299522;0,0582289129694583;0,000512820512820513
2013-07-01;1,17666666666667;"2013";0,956236540036851;"Anse de Carteau 2";"NON";NA;0,0631092713232512;0,0582289129694583;0,0038376897299522;0,0582289129694583;0,000512820512820513
2013-07-15;1,19333333333333;"2013";1,05525722935491;"Anse de Carteau 2";"NON";NA;0,0631092713232512;0,0582289129694583;0,0038376897299522;0,0582289129694583;0,000512820512820513
2013-07-29;1,21;"2013";1,48783339534159;"Anse de Carteau 2";"NON";NA;0,0631092713232512;0,0582289129694583;0,0038376897299522;0,0582289129694583;0,000512820512820513
2013-08-12;0,57;"2013";0,504246270847172;"Anse de Carteau 2";"NON";NA;0,0631092713232512;0,0582289129694583;0,0038376897299522;0,0582289129694583;0,000512820512820513
2013-08-26;0,5;"2013";0,437065395642672;"Anse de Carteau 2";"NON";NA;0,0631092713232512;0,0582289129694583;0,0038376897299522;0,0582289129694583;0,000512820512820513
2013-09-09;0,97;"2013";1,33210194736585;"Anse de Carteau 2";"NON";NA;0,0631092713232512;0,0582289129694583;0,0038376897299522;0,0582289129694583;0,000512820512820513
2013-09-23;0,61;"2013";0,499371093089533;"Anse de Carteau 2";"NON";NA;0,0631092713232512;0,0582289129694583;0,0038376897299522;0,0582289129694583;0,000512820512820513
2013-10-07;0,36;"2013";-0,325823904352254;"Anse de Carteau 2";"NON";NA;0,0631092713232512;0,0582289129694583;0,0038376897299522;0,0582289129694583;0,000512820512820513
2013-10-21;1,85;"2013";1,58367809035868;"Anse de Carteau 2";"NON";NA;0,0631092713232512;0,0582289129694583;0,0038376897299522;0,0582289129694583;0,000512820512820513
2013-11-04;2,49;"2013";2,46224897409086;"Anse de Carteau 2";"NON";NA;0,0631092713232512;0,0582289129694583;0,0038376897299522;0,0582289129694583;0,000512820512820513
2013-11-18;0,37;"2013";0,701921994060198;"Anse de Carteau 2";"NON";NA;0,0631092713232512;0,0582289129694583;0,0038376897299522;0,0582289129694583;0,000512820512820513
2013-12-02;0,13;"2013";0,613761859177774;"Anse de Carteau 2";"NON";NA;0,0631092713232512;0,0582289129694583;0,0038376897299522;0,0582289129694583;0,000512820512820513
2013-12-16;0,36;"2013";0,763677121880515;"Anse de Carteau 2";"NON";NA;0,0631092713232512;0,0582289129694583;0,0038376897299522;0,0582289129694583;0,000512820512820513
2013-12-30;0,453333333333333;"2013";0,576173973736778;"Anse de Carteau 2";"NON";NA;0,0631092713232512;0,0582289129694583;0,0038376897299522;0,0582289129694583;0,000512820512820513
2014-01-13;0,78;"2014";1,05234717364064;"Anse de Carteau 2";"NON";NA;0,0631092713232512;0,0582289129694583;0,0038376897299522;0,0582289129694583;0,000512820512820513
2014-01-27;0,29;"2014";0,480362935178864;"Anse de Carteau 2";"NON";NA;0,0631092713232512;0,0582289129694583;0,0038376897299522;0,0582289129694583;0,000512820512820513
2014-02-10;0,24625;"2014";0,700899412629051;"Anse de Carteau 2";"NON";NA;0,0631092713232512;0,0582289129694583;0,0038376897299522;0,0582289129694583;0,000512820512820513
2014-02-24;0,188571428571429;"2014";0,382208518184488;"Anse de Carteau 2";"NON";NA;0,0631092713232512;0,0582289129694583;0,0038376897299522;0,0582289129694583;0,000512820512820513
2014-03-10;0,56;"2014";0,736531271315382;"Anse de Carteau 2";"NON";NA;0,0631092713232512;0,0582289129694583;0,0038376897299522;0,0582289129694583;0,000512820512820513
2014-03-24;0,23;"2014";0,156266867418838;"Anse de Carteau 2";"NON";NA;0,0631092713232512;0,0582289129694583;0,0038376897299522;0,0582289129694583;0,000512820512820513
2014-04-07;0,35;"2014";0,304635836613581;"Anse de Carteau 2";"NON";NA;0,0631092713232512;0,0582289129694583;0,0038376897299522;0,0582289129694583;0,000512820512820513
2014-04-21;0,695333333333333;"2014";0,347909168321662;"Anse de Carteau 2";"NON";NA;0,0631092713232512;0,0582289129694583;0,0038376897299522;0,0582289129694583;0,000512820512820513
2014-05-05;0,57;"2014";0,241592779169928;"Anse de Carteau 2";"NON";NA;0,0631092713232512;0,0582289129694583;0,0038376897299522;0,0582289129694583;0,000512820512820513
2014-05-19;1,08;"2014";0,966645540585082;"Anse de Carteau 2";"NON";NA;0,0631092713232512;0,0582289129694583;0,0038376897299522;0,0582289129694583;0,000512820512820513
2014-06-02;1,35;"2014";0,912149838632187;"Anse de Carteau 2";"NON";NA;0,0631092713232512;0,0582289129694583;0,0038376897299522;0,0582289129694583;0,000512820512820513
2014-06-16;0,42;"2014";0,0741887729172699;"Anse de Carteau 2";"NON";NA;0,0631092713232512;0,0582289129694583;0,0038376897299522;0,0582289129694583;0,000512820512820513
2014-06-30;1,35;"2014";1,12956987337018;"Anse de Carteau 2";"NON";0,0038376897299522;0,0631092713232512;0,0582289129694583;0,0038376897299522;0,0582289129694583;0,000512820512820513
2014-07-14;0,706;"2014";0,567923896021579;"Anse de Carteau 2";"NON";NA;0,0631092713232512;0,0582289129694583;0,0038376897299522;0,0582289129694583;0,000512820512820513
2014-07-28;0,74;"2014";1,01783339534159;"Anse de Carteau 2";"NON";NA;0,0631092713232512;0,0582289129694583;0,0038376897299522;0,0582289129694583;0,000512820512820513
2014-08-11;7,65;"2014";7,58424627084717;"Anse de Carteau 2";"OUI";NA;0,0631092713232512;0,0582289129694583;0,0038376897299522;0,0582289129694583;0,000512820512820513
2014-08-25;0,27;"2014";0,207065395642672;"Anse de Carteau 2";"NON";NA;0,0631092713232512;0,0582289129694583;0,0038376897299522;0,0582289129694583;0,000512820512820513
2014-09-08;0,27;"2014";0,632101947365852;"Anse de Carteau 2";"NON";NA;0,0631092713232512;0,0582289129694583;0,0038376897299522;0,0582289129694583;0,000512820512820513
2014-09-22;2,27;"2014";2,15937109308953;"Anse de Carteau 2";"NON";NA;0,0631092713232512;0,0582289129694583;0,0038376897299522;0,0582289129694583;0,000512820512820513
2014-10-06;2,08;"2014";1,39417609564775;"Anse de Carteau 2";"NON";NA;0,0631092713232512;0,0582289129694583;0,0038376897299522;0,0582289129694583;0,000512820512820513
2014-10-20;1,615;"2014";1,34867809035868;"Anse de Carteau 2";"NON";NA;0,0631092713232512;0,0582289129694583;0,0038376897299522;0,0582289129694583;0,000512820512820513
2014-11-03;1,15;"2014";1,12224897409086;"Anse de Carteau 2";"NON";NA;0,0631092713232512;0,0582289129694583;0,0038376897299522;0,0582289129694583;0,000512820512820513
2014-11-17;0,49;"2014";0,821921994060199;"Anse de Carteau 2";"NON";NA;0,0631092713232512;0,0582289129694583;0,0038376897299522;0,0582289129694583;0,000512820512820513
2014-12-01;1,03;"2014";1,51376185917777;"Anse de Carteau 2";"NON";NA;0,0631092713232512;0,0582289129694583;0,0038376897299522;0,0582289129694583;0,000512820512820513
2014-12-15;0,59;"2014";0,993677121880515;"Anse de Carteau 2";"NON";NA;0,0631092713232512;0,0582289129694583;0,0038376897299522;0,0582289129694583;0,000512820512820513
2014-12-29;0,25;"2014";0,372840640403445;"Anse de Carteau 2";"NON";NA;0,0631092713232512;0,0582289129694583;0,0038376897299522;0,0582289129694583;0,000512820512820513
2015-01-12;0,32;"2015";0,592347173640642;"Anse de Carteau 2";"NON";NA;0,0631092713232512;0,0582289129694583;0,0038376897299522;0,0582289129694583;0,000512820512820513
2015-01-26;0,46;"2015";0,650362935178864;"Anse de Carteau 2";"NON";NA;0,0631092713232512;0,0582289129694583;0,0038376897299522;0,0582289129694583;0,000512820512820513
2015-02-09;0,36;"2015";0,814649412629051;"Anse de Carteau 2";"NON";NA;0,0631092713232512;0,0582289129694583;0,0038376897299522;0,0582289129694583;0,000512820512820513
2015-02-23;1,4;"2015";1,59363708961306;"Anse de Carteau 2";"NON";NA;0,0631092713232512;0,0582289129694583;0,0038376897299522;0,0582289129694583;0,000512820512820513
2015-03-09;2,07;"2015";2,24653127131538;"Anse de Carteau 2";"NON";NA;0,0631092713232512;0,0582289129694583;0,0038376897299522;0,0582289129694583;0,000512820512820513
2015-03-23;0,94;"2015";0,866266867418838;"Anse de Carteau 2";"NON";NA;0,0631092713232512;0,0582289129694583;0,0038376897299522;0,0582289129694583;0,000512820512820513
2015-04-06;0,809333333333333;"2015";0,763969169946914;"Anse de Carteau 2";"NON";NA;0,0631092713232512;0,0582289129694583;0,0038376897299522;0,0582289129694583;0,000512820512820513
2015-04-20;1,23;"2015";0,882575834988328;"Anse de Carteau 2";"NON";NA;0,0631092713232512;0,0582289129694583;0,0038376897299522;0,0582289129694583;0,000512820512820513
2015-05-04;1,17;"2015";0,841592779169928;"Anse de Carteau 2";"NON";NA;0,0631092713232512;0,0582289129694583;0,0038376897299522;0,0582289129694583;0,000512820512820513
2015-05-18;1,11;"2015";0,996645540585082;"Anse de Carteau 2";"NON";NA;0,0631092713232512;0,0582289129694583;0,0038376897299522;0,0582289129694583;0,000512820512820513
2015-06-01;1,94;"2015";1,50214983863219;"Anse de Carteau 2";"NON";NA;0,0631092713232512;0,0582289129694583;0,0038376897299522;0,0582289129694583;0,000512820512820513
2015-06-15;3,23;"2015";2,88418877291727;"Anse de Carteau 2";"OUI";NA;0,0631092713232512;0,0582289129694583;0,0038376897299522;0,0582289129694583;0,000512820512820513
2015-06-29;1,09;"2015";0,869569873370184;"Anse de Carteau 2";"NON";NA;0,0631092713232512;0,0582289129694583;0,0038376897299522;0,0582289129694583;0,000512820512820513
2015-07-13;0,6875;"2015";0,549423896021579;"Anse de Carteau 2";"NON";NA;0,0631092713232512;0,0582289129694583;0,0038376897299522;0,0582289129694583;0,000512820512820513
2015-07-27;0,44;"2015";0,717833395341586;"Anse de Carteau 2";"NON";NA;0,0631092713232512;0,0582289129694583;0,0038376897299522;0,0582289129694583;0,000512820512820513
2015-08-10;0,66;"2015";0,594246270847172;"Anse de Carteau 2";"NON";NA;0,0631092713232512;0,0582289129694583;0,0038376897299522;0,0582289129694583;0,000512820512820513
2015-08-24;5,43;"2015";5,36706539564267;"Anse de Carteau 2";"OUI";NA;0,0631092713232512;0,0582289129694583;0,0038376897299522;0,0582289129694583;0,000512820512820513
2015-09-07;1,19;"2015";1,55210194736585;"Anse de Carteau 2";"NON";NA;0,0631092713232512;0,0582289129694583;0,0038376897299522;0,0582289129694583;0,000512820512820513
2015-09-21;1,54;"2015";1,42937109308953;"Anse de Carteau 2";"NON";NA;0,0631092713232512;0,0582289129694583;0,0038376897299522;0,0582289129694583;0,000512820512820513
2015-10-05;1,86;"2015";1,17417609564775;"Anse de Carteau 2";"NON";NA;0,0631092713232512;0,0582289129694583;0,0038376897299522;0,0582289129694583;0,000512820512820513
2015-10-19;1,47;"2015";1,20367809035868;"Anse de Carteau 2";"NON";NA;0,0631092713232512;0,0582289129694583;0,0038376897299522;0,0582289129694583;0,000512820512820513
2015-11-02;1,2;"2015";1,17224897409086;"Anse de Carteau 2";"NON";NA;0,0631092713232512;0,0582289129694583;0,0038376897299522;0,0582289129694583;0,000512820512820513
2015-11-16;3,58;"2015";3,9119219940602;"Anse de Carteau 2";"OUI";NA;0,0631092713232512;0,0582289129694583;0,0038376897299522;0,0582289129694583;0,000512820512820513
2015-11-30;0,55;"2015";1,03376185917777;"Anse de Carteau 2";"NON";NA;0,0631092713232512;0,0582289129694583;0,0038376897299522;0,0582289129694583;0,000512820512820513
2015-12-14;1,25;"2015";1,65367712188052;"Anse de Carteau 2";"NON";NA;0,0631092713232512;0,0582289129694583;0,0038376897299522;0,0582289129694583;0,000512820512820513
2015-12-28;5,7;"2015";5,82284064040345;"Anse de Carteau 2";"OUI";NA;0,0631092713232512;0,0582289129694583;0,0038376897299522;0,0582289129694583;0,000512820512820513
2016-01-11;1,87;"2016";2,14234717364064;"Anse de Carteau 2";"NON";NA;0,0631092713232512;0,0582289129694583;0,0038376897299522;0,0582289129694583;0,000512820512820513
2016-01-25;1,52;"2016";1,71036293517886;"Anse de Carteau 2";"NON";NA;0,0631092713232512;0,0582289129694583;0,0038376897299522;0,0582289129694583;0,000512820512820513
2016-02-08;1,2;"2016";1,65464941262905;"Anse de Carteau 2";"NON";NA;0,0631092713232512;0,0582289129694583;0,0038376897299522;0,0582289129694583;0,000512820512820513
2016-02-22;2,37;"2016";2,56363708961306;"Anse de Carteau 2";"NON";NA;0,0631092713232512;0,0582289129694583;0,0038376897299522;0,0582289129694583;0,000512820512820513
2016-03-07;0,76;"2016";0,936531271315382;"Anse de Carteau 2";"NON";NA;0,0631092713232512;0,0582289129694583;0,0038376897299522;0,0582289129694583;0,000512820512820513
2016-03-21;2,06;"2016";1,98626686741884;"Anse de Carteau 2";"NON";NA;0,0631092713232512;0,0582289129694583;0,0038376897299522;0,0582289129694583;0,000512820512820513
2016-04-04;1,18;"2016";1,13463583661358;"Anse de Carteau 2";"NON";NA;0,0631092713232512;0,0582289129694583;0,0038376897299522;0,0582289129694583;0,000512820512820513
2016-04-18;3,47;"2016";3,12257583498833;"Anse de Carteau 2";"OUI";NA;0,0631092713232512;0,0582289129694583;0,0038376897299522;0,0582289129694583;0,000512820512820513
2016-05-02;3,11;"2016";2,78159277916993;"Anse de Carteau 2";"NON";NA;0,0631092713232512;0,0582289129694583;0,0038376897299522;0,0582289129694583;0,000512820512820513
2016-05-16;0,96125;"2016";0,847895540585082;"Anse de Carteau 2";"NON";NA;0,0631092713232512;0,0582289129694583;0,0038376897299522;0,0582289129694583;0,000512820512820513
2016-05-30;1,74;"2016";1,30214983863219;"Anse de Carteau 2";"NON";NA;0,0631092713232512;0,0582289129694583;0,0038376897299522;0,0582289129694583;0,000512820512820513
2016-06-13;0,69;"2016";0,34418877291727;"Anse de Carteau 2";"NON";NA;0,0631092713232512;0,0582289129694583;0,0038376897299522;0,0582289129694583;0,000512820512820513
2016-06-27;0,84;"2016";0,619569873370184;"Anse de Carteau 2";"NON";NA;0,0631092713232512;0,0582289129694583;0,0038376897299522;0,0582289129694583;0,000512820512820513
2016-07-11;0,69;"2016";0,551923896021579;"Anse de Carteau 2";"NON";NA;0,0631092713232512;0,0582289129694583;0,0038376897299522;0,0582289129694583;0,000512820512820513
2016-07-25;0,91;"2016";1,18783339534159;"Anse de Carteau 2";"NON";NA;0,0631092713232512;0,0582289129694583;0,0038376897299522;0,0582289129694583;0,000512820512820513
2016-08-08;1,06;"2016";0,994246270847172;"Anse de Carteau 2";"NON";NA;0,0631092713232512;0,0582289129694583;0,0038376897299522;0,0582289129694583;0,000512820512820513
2016-08-22;0,64;"2016";0,577065395642672;"Anse de Carteau 2";"NON";NA;0,0631092713232512;0,0582289129694583;0,0038376897299522;0,0582289129694583;0,000512820512820513
2016-09-05;2,02;"2016";2,38210194736585;"Anse de Carteau 2";"NON";NA;0,0631092713232512;0,0582289129694583;0,0038376897299522;0,0582289129694583;0,000512820512820513
2016-09-19;1,15;"2016";1,03937109308953;"Anse de Carteau 2";"NON";NA;0,0631092713232512;0,0582289129694583;0,0038376897299522;0,0582289129694583;0,000512820512820513
2016-10-03;3,63;"2016";2,94417609564775;"Anse de Carteau 2";"OUI";NA;0,0631092713232512;0,0582289129694583;0,0038376897299522;0,0582289129694583;0,000512820512820513
2016-10-17;0,69;"2016";0,423678090358676;"Anse de Carteau 2";"NON";NA;0,0631092713232512;0,0582289129694583;0,0038376897299522;0,0582289129694583;0,000512820512820513
2016-10-31;3,30625;"2016";3,27849897409086;"Anse de Carteau 2";"OUI";NA;0,0631092713232512;0,0582289129694583;0,0038376897299522;0,0582289129694583;0,000512820512820513
2016-11-14;0,74;"2016";1,0719219940602;"Anse de Carteau 2";"NON";NA;0,0631092713232512;0,0582289129694583;0,0038376897299522;0,0582289129694583;0,000512820512820513
2016-11-28;1,34;"2016";1,82376185917777;"Anse de Carteau 2";"NON";NA;0,0631092713232512;0,0582289129694583;0,0038376897299522;0,0582289129694583;0,000512820512820513
2016-12-12;1,83;"2016";2,23367712188052;"Anse de Carteau 2";"NON";NA;0,0631092713232512;0,0582289129694583;0,0038376897299522;0,0582289129694583;0,000512820512820513
2016-12-26;1,42;"2016";1,54284064040344;"Anse de Carteau 2";"NON";NA;0,0631092713232512;0,0582289129694583;0,0038376897299522;0,0582289129694583;0,000512820512820513
2017-01-09;0,48;"2017";0,752347173640642;"Anse de Carteau 2";"NON";NA;0,0631092713232512;0,0582289129694583;0,0038376897299522;0,0582289129694583;0,000512820512820513
2017-01-23;1,31;"2017";1,50036293517886;"Anse de Carteau 2";"NON";NA;0,0631092713232512;0,0582289129694583;0,0038376897299522;0,0582289129694583;0,000512820512820513
2017-02-06;0,95;"2017";1,40464941262905;"Anse de Carteau 2";"NON";NA;0,0631092713232512;0,0582289129694583;0,0038376897299522;0,0582289129694583;0,000512820512820513
2017-02-20;0,8;"2017";0,993637089613059;"Anse de Carteau 2";"NON";NA;0,0631092713232512;0,0582289129694583;0,0038376897299522;0,0582289129694583;0,000512820512820513
2017-03-06;0,4;"2017";0,576531271315382;"Anse de Carteau 2";"NON";NA;0,0631092713232512;0,0582289129694583;0,0038376897299522;0,0582289129694583;0,000512820512820513
2017-03-20;0,51;"2017";0,436266867418838;"Anse de Carteau 2";"NON";NA;0,0631092713232512;0,0582289129694583;0,0038376897299522;0,0582289129694583;0,000512820512820513
2017-04-03;2,18;"2017";2,13463583661358;"Anse de Carteau 2";"NON";NA;0,0631092713232512;0,0582289129694583;0,0038376897299522;0,0582289129694583;0,000512820512820513
2017-04-17;0,462666666666667;"2017";0,115242501654995;"Anse de Carteau 2";"NON";NA;0,0631092713232512;0,0582289129694583;0,0038376897299522;0,0582289129694583;0,000512820512820513
2017-05-01;0,943571428571429;"2017";0,615164207741357;"Anse de Carteau 2";"NON";NA;0,0631092713232512;0,0582289129694583;0,0038376897299522;0,0582289129694583;0,000512820512820513
2017-05-15;1,9;"2017";1,78664554058508;"Anse de Carteau 2";"NON";NA;0,0631092713232512;0,0582289129694583;0,0038376897299522;0,0582289129694583;0,000512820512820513
2017-05-29;0,9;"2017";0,462149838632187;"Anse de Carteau 2";"NON";NA;0,0631092713232512;0,0582289129694583;0,0038376897299522;0,0582289129694583;0,000512820512820513
2017-06-12;0,88;"2017";0,53418877291727;"Anse de Carteau 2";"NON";NA;0,0631092713232512;0,0582289129694583;0,0038376897299522;0,0582289129694583;0,000512820512820513
2017-06-26;0,77;"2017";0,549569873370184;"Anse de Carteau 2";"NON";NA;0,0631092713232512;0,0582289129694583;0,0038376897299522;0,0582289129694583;0,000512820512820513
2017-07-10;1,9;"2017";1,76192389602158;"Anse de Carteau 2";"NON";NA;0,0631092713232512;0,0582289129694583;0,0038376897299522;0,0582289129694583;0,000512820512820513
2017-07-24;0,75;"2017";1,02783339534159;"Anse de Carteau 2";"NON";NA;0,0631092713232512;0,0582289129694583;0,0038376897299522;0,0582289129694583;0,000512820512820513
2017-08-07;0,65;"2017";0,584246270847172;"Anse de Carteau 2";"NON";NA;0,0631092713232512;0,0582289129694583;0,0038376897299522;0,0582289129694583;0,000512820512820513
2017-08-21;0,5;"2017";0,437065395642672;"Anse de Carteau 2";"NON";NA;0,0631092713232512;0,0582289129694583;0,0038376897299522;0,0582289129694583;0,000512820512820513
2017-09-04;0,71;"2017";1,07210194736585;"Anse de Carteau 2";"NON";NA;0,0631092713232512;0,0582289129694583;0,0038376897299522;0,0582289129694583;0,000512820512820513
2017-09-18;1,02;"2017";0,909371093089533;"Anse de Carteau 2";"NON";NA;0,0631092713232512;0,0582289129694583;0,0038376897299522;0,0582289129694583;0,000512820512820513
2017-10-02;1,04;"2017";0,354176095647746;"Anse de Carteau 2";"NON";NA;0,0631092713232512;0,0582289129694583;0,0038376897299522;0,0582289129694583;0,000512820512820513
2017-10-16;0,49;"2017";0,223678090358676;"Anse de Carteau 2";"NON";NA;0,0631092713232512;0,0582289129694583;0,0038376897299522;0,0582289129694583;0,000512820512820513
2017-10-30;0,13;"2017";0,102248974090857;"Anse de Carteau 2";"NON";NA;0,0631092713232512;0,0582289129694583;0,0038376897299522;0,0582289129694583;0,000512820512820513
2017-11-13;0,97;"2017";1,3019219940602;"Anse de Carteau 2";"NON";NA;0,0631092713232512;0,0582289129694583;0,0038376897299522;0,0582289129694583;0,000512820512820513
2017-11-27;0,28;"2017";0,763761859177774;"Anse de Carteau 2";"NON";NA;0,0631092713232512;0,0582289129694583;0,0038376897299522;0,0582289129694583;0,000512820512820513
2017-12-11;0,364;"2017";0,767677121880515;"Anse de Carteau 2";"NON";NA;0,0631092713232512;0,0582289129694583;0,0038376897299522;0,0582289129694583;0,000512820512820513
2017-12-25;1,22428571428571;"2017";1,34712635468916;"Anse de Carteau 2";"NON";NA;0,0631092713232512;0,0582289129694583;0,0038376897299522;0,0582289129694583;0,000512820512820513
2018-01-08;0,66;"2018";0,932347173640642;"Anse de Carteau 2";"NON";NA;0,0631092713232512;0,0582289129694583;0,0038376897299522;0,0582289129694583;0,000512820512820513
2018-01-22;0,59;"2018";0,780362935178864;"Anse de Carteau 2";"NON";NA;0,0631092713232512;0,0582289129694583;0,0038376897299522;0,0582289129694583;0,000512820512820513
2018-02-05;0,39;"2018";0,844649412629051;"Anse de Carteau 2";"NON";NA;0,0631092713232512;0,0582289129694583;0,0038376897299522;0,0582289129694583;0,000512820512820513
2018-02-19;1,41;"2018";1,60363708961306;"Anse de Carteau 2";"NON";NA;0,0631092713232512;0,0582289129694583;0,0038376897299522;0,0582289129694583;0,000512820512820513
2018-03-05;1,03;"2018";1,20653127131538;"Anse de Carteau 2";"NON";NA;0,0631092713232512;0,0582289129694583;0,0038376897299522;0,0582289129694583;0,000512820512820513
2018-03-19;0,25;"2018";0,176266867418838;"Anse de Carteau 2";"NON";NA;0,0631092713232512;0,0582289129694583;0,0038376897299522;0,0582289129694583;0,000512820512820513
2018-04-02;1,38866666666667;"2018";1,34330250328025;"Anse de Carteau 2";"NON";NA;0,0631092713232512;0,0582289129694583;0,0038376897299522;0,0582289129694583;0,000512820512820513
2018-04-16;2,94;"2018";2,59257583498833;"Anse de Carteau 2";"NON";NA;0,0631092713232512;0,0582289129694583;0,0038376897299522;0,0582289129694583;0,000512820512820513
2018-04-30;2,02;"2018";1,69159277916993;"Anse de Carteau 2";"NON";NA;0,0631092713232512;0,0582289129694583;0,0038376897299522;0,0582289129694583;0,000512820512820513
2018-05-14;0,81;"2018";0,696645540585082;"Anse de Carteau 2";"NON";NA;0,0631092713232512;0,0582289129694583;0,0038376897299522;0,0582289129694583;0,000512820512820513
2018-05-28;1,3;"2018";0,862149838632187;"Anse de Carteau 2";"NON";NA;0,0631092713232512;0,0582289129694583;0,0038376897299522;0,0582289129694583;0,000512820512820513
2018-06-11;4,14;"2018";3,79418877291727;"Anse de Carteau 2";"OUI";NA;0,0631092713232512;0,0582289129694583;0,0038376897299522;0,0582289129694583;0,000512820512820513
2018-06-25;2,24;"2018";2,01956987337018;"Anse de Carteau 2";"NON";NA;0,0631092713232512;0,0582289129694583;0,0038376897299522;0,0582289129694583;0,000512820512820513
2018-07-09;0,34;"2018";0,201923896021579;"Anse de Carteau 2";"NON";NA;0,0631092713232512;0,0582289129694583;0,0038376897299522;0,0582289129694583;0,000512820512820513
2018-07-23;0,63;"2018";0,907833395341586;"Anse de Carteau 2";"NON";NA;0,0631092713232512;0,0582289129694583;0,0038376897299522;0,0582289129694583;0,000512820512820513
2018-08-06;0,55;"2018";0,484246270847172;"Anse de Carteau 2";"NON";NA;0,0631092713232512;0,0582289129694583;0,0038376897299522;0,0582289129694583;0,000512820512820513
2018-08-20;0,8;"2018";0,737065395642672;"Anse de Carteau 2";"NON";NA;0,0631092713232512;0,0582289129694583;0,0038376897299522;0,0582289129694583;0,000512820512820513
2018-09-03;0,44;"2018";0,802101947365852;"Anse de Carteau 2";"NON";NA;0,0631092713232512;0,0582289129694583;0,0038376897299522;0,0582289129694583;0,000512820512820513
2018-09-17;1,1;"2018";0,989371093089533;"Anse de Carteau 2";"NON";NA;0,0631092713232512;0,0582289129694583;0,0038376897299522;0,0582289129694583;0,000512820512820513
2018-10-01;0,31;"2018";-0,375823904352254;"Anse de Carteau 2";"NON";NA;0,0631092713232512;0,0582289129694583;0,0038376897299522;0,0582289129694583;0,000512820512820513
2018-10-15;1,55133333333333;"2018";1,28501142369201;"Anse de Carteau 2";"NON";NA;0,0631092713232512;0,0582289129694583;0,0038376897299522;0,0582289129694583;0,000512820512820513
2018-10-29;0,73;"2018";0,702248974090857;"Anse de Carteau 2";"NON";NA;0,0631092713232512;0,0582289129694583;0,0038376897299522;0,0582289129694583;0,000512820512820513
2018-11-12;0,36;"2018";0,691921994060198;"Anse de Carteau 2";"NON";NA;0,0631092713232512;0,0582289129694583;0,0038376897299522;0,0582289129694583;0,000512820512820513
2018-11-26;0,98;"2018";1,46376185917777;"Anse de Carteau 2";"NON";NA;0,0631092713232512;0,0582289129694583;0,0038376897299522;0,0582289129694583;0,000512820512820513
2018-12-10;0,42;"2018";0,823677121880515;"Anse de Carteau 2";"NON";NA;0,0631092713232512;0,0582289129694583;0,0038376897299522;0,0582289129694583;0,000512820512820513
2018-12-24;0,7175;"2018";0,840340640403445;"Anse de Carteau 2";"NON";NA;0,0631092713232512;0,0582289129694583;0,0038376897299522;0,0582289129694583;0,000512820512820513
2019-01-07;0,23;"2019";0,502347173640642;"Anse de Carteau 2";"NON";NA;0,0631092713232512;0,0582289129694583;0,0038376897299522;0,0582289129694583;0,000512820512820513
2019-01-21;0,42;"2019";0,610362935178864;"Anse de Carteau 2";"NON";NA;0,0631092713232512;0,0582289129694583;0,0038376897299522;0,0582289129694583;0,000512820512820513
2019-02-04;0,61;"2019";1,06464941262905;"Anse de Carteau 2";"NON";NA;0,0631092713232512;0,0582289129694583;0,0038376897299522;0,0582289129694583;0,000512820512820513
2019-02-18;0,41;"2019";0,603637089613059;"Anse de Carteau 2";"NON";NA;0,0631092713232512;0,0582289129694583;0,0038376897299522;0,0582289129694583;0,000512820512820513
2019-03-04;0,703333333333333;"2019";0,879864604648715;"Anse de Carteau 2";"NON";NA;0,0631092713232512;0,0582289129694583;0,0038376897299522;0,0582289129694583;0,000512820512820513
2019-03-18;0,996666666666667;"2019";0,922933534085505;"Anse de Carteau 2";"NON";NA;0,0631092713232512;0,0582289129694583;0,0038376897299522;0,0582289129694583;0,000512820512820513
2019-04-01;1,29;"2019";1,24463583661358;"Anse de Carteau 2";"NON";NA;0,0631092713232512;0,0582289129694583;0,0038376897299522;0,0582289129694583;0,000512820512820513
2019-04-15;0,72;"2019";0,372575834988328;"Anse de Carteau 2";"NON";NA;0,0631092713232512;0,0582289129694583;0,0038376897299522;0,0582289129694583;0,000512820512820513
2019-04-29;0,58;"2019";0,251592779169928;"Anse de Carteau 2";"NON";NA;0,0631092713232512;0,0582289129694583;0,0038376897299522;0,0582289129694583;0,000512820512820513
2019-05-13;0,72;"2019";0,606645540585082;"Anse de Carteau 2";"NON";NA;0,0631092713232512;0,0582289129694583;0,0038376897299522;0,0582289129694583;0,000512820512820513
2019-05-27;1,83;"2019";1,39214983863219;"Anse de Carteau 2";"NON";NA;0,0631092713232512;0,0582289129694583;0,0038376897299522;0,0582289129694583;0,000512820512820513
2019-06-10;0,439333333333333;"2019";0,0935221062506033;"Anse de Carteau 2";"NON";NA;0,0631092713232512;0,0582289129694583;0,0038376897299522;0,0582289129694583;0,000512820512820513
2019-06-24;1,47;"2019";1,24956987337018;"Anse de Carteau 2";"NON";NA;0,0631092713232512;0,0582289129694583;0,0038376897299522;0,0582289129694583;0,000512820512820513
2019-07-08;1,41;"2019";1,27192389602158;"Anse de Carteau 2";"NON";NA;0,0631092713232512;0,0582289129694583;0,0038376897299522;0,0582289129694583;0,000512820512820513
2019-07-22;0,48;"2019";0,757833395341586;"Anse de Carteau 2";"NON";NA;0,0631092713232512;0,0582289129694583;0,0038376897299522;0,0582289129694583;0,000512820512820513
2019-08-05;0,32;"2019";0,254246270847172;"Anse de Carteau 2";"NON";NA;0,0631092713232512;0,0582289129694583;0,0038376897299522;0,0582289129694583;0,000512820512820513
2019-08-19;1,99;"2019";1,92706539564267;"Anse de Carteau 2";"NON";NA;0,0631092713232512;0,0582289129694583;0,0038376897299522;0,0582289129694583;0,000512820512820513
2019-09-02;1,01;"2019";1,37210194736585;"Anse de Carteau 2";"NON";NA;0,0631092713232512;0,0582289129694583;0,0038376897299522;0,0582289129694583;0,000512820512820513
2019-09-16;1,5;"2019";1,38937109308953;"Anse de Carteau 2";"NON";NA;0,0631092713232512;0,0582289129694583;0,0038376897299522;0,0582289129694583;0,000512820512820513
2019-09-30;1,59;"2019";0,904176095647746;"Anse de Carteau 2";"NON";NA;0,0631092713232512;0,0582289129694583;0,0038376897299522;0,0582289129694583;0,000512820512820513
2019-10-14;0,73;"2019";0,463678090358676;"Anse de Carteau 2";"NON";NA;0,0631092713232512;0,0582289129694583;0,0038376897299522;0,0582289129694583;0,000512820512820513
2019-10-28;1,17;"2019";1,14224897409086;"Anse de Carteau 2";"NON";NA;0,0631092713232512;0,0582289129694583;0,0038376897299522;0,0582289129694583;0,000512820512820513
2019-11-11;0,75;"2019";1,0819219940602;"Anse de Carteau 2";"NON";NA;0,0631092713232512;0,0582289129694583;0,0038376897299522;0,0582289129694583;0,000512820512820513
2019-11-25;0,69;"2019";1,17376185917777;"Anse de Carteau 2";"NON";NA;0,0631092713232512;0,0582289129694583;0,0038376897299522;0,0582289129694583;0,000512820512820513
2019-12-09;0,5;"2019";0,903677121880515;"Anse de Carteau 2";"NON";NA;0,0631092713232512;0,0582289129694583;0,0038376897299522;0,0582289129694583;0,000512820512820513
2019-12-23;0,55;"2019";0,672840640403445;"Anse de Carteau 2";"NON";NA;0,0631092713232512;0,0582289129694583;0,0038376897299522;0,0582289129694583;0,000512820512820513
2020-01-06;0,53;"2020";0,802347173640642;"Anse de Carteau 2";"NON";NA;0,0631092713232512;0,0582289129694583;0,0038376897299522;0,0582289129694583;0,000512820512820513
2020-01-20;1,52;"2020";1,71036293517886;"Anse de Carteau 2";"NON";NA;0,0631092713232512;0,0582289129694583;0,0038376897299522;0,0582289129694583;0,000512820512820513
2020-02-03;2,29;"2020";2,74464941262905;"Anse de Carteau 2";"NON";NA;0,0631092713232512;0,0582289129694583;0,0038376897299522;0,0582289129694583;0,000512820512820513
2020-02-17;1,99;"2020";2,18363708961306;"Anse de Carteau 2";"NON";NA;0,0631092713232512;0,0582289129694583;0,0038376897299522;0,0582289129694583;0,000512820512820513
2020-03-02;1,15823529411765;"2020";1,33476656543303;"Anse de Carteau 2";"NON";NA;0,0631092713232512;0,0582289129694583;0,0038376897299522;0,0582289129694583;0,000512820512820513
2020-03-16;1,46888888888889;"2020";1,39515575630773;"Anse de Carteau 2";"NON";NA;0,0631092713232512;0,0582289129694583;0,0038376897299522;0,0582289129694583;0,000512820512820513
2020-03-30;1,15875;"2020";1,11338583661358;"Anse de Carteau 2";"NON";NA;0,0631092713232512;0,0582289129694583;0,0038376897299522;0,0582289129694583;0,000512820512820513
2020-04-13;1,33951219512195;"2020";0,99208803011028;"Anse de Carteau 2";"NON";NA;0,0631092713232512;0,0582289129694583;0,0038376897299522;0,0582289129694583;0,000512820512820513
2020-04-27;1,62975609756098;"2020";1,3013488767309;"Anse de Carteau 2";"NON";NA;0,0631092713232512;0,0582289129694583;0,0038376897299522;0,0582289129694583;0,000512820512820513
2020-05-11;1,92;"2020";1,80664554058508;"Anse de Carteau 2";"NON";NA;0,0631092713232512;0,0582289129694583;0,0038376897299522;0,0582289129694583;0,000512820512820513
2020-05-25;1,38333333333333;"2020";0,945483171965521;"Anse de Carteau 2";"NON";NA;0,0631092713232512;0,0582289129694583;0,0038376897299522;0,0582289129694583;0,000512820512820513
2020-06-08;0,846666666666667;"2020";0,500855439583937;"Anse de Carteau 2";"NON";NA;0,0631092713232512;0,0582289129694583;0,0038376897299522;0,0582289129694583;0,000512820512820513
2020-06-22;0,31;"2020";0,0895698733701842;"Anse de Carteau 2";"NON";NA;0,0631092713232512;0,0582289129694583;0,0038376897299522;0,0582289129694583;0,000512820512820513
2020-07-06;0,36;"2020";0,221923896021579;"Anse de Carteau 2";"NON";NA;0,0631092713232512;0,0582289129694583;0,0038376897299522;0,0582289129694583;0,000512820512820513
2020-07-20;0,97;"2020";1,24783339534159;"Anse de Carteau 2";"NON";NA;0,0631092713232512;0,0582289129694583;0,0038376897299522;0,0582289129694583;0,000512820512820513
2020-08-03;0,7;"2020";0,634246270847172;"Anse de Carteau 2";"NON";NA;0,0631092713232512;0,0582289129694583;0,0038376897299522;0,0582289129694583;0,000512820512820513
2020-08-17;0,74;"2020";0,677065395642672;"Anse de Carteau 2";"NON";NA;0,0631092713232512;0,0582289129694583;0,0038376897299522;0,0582289129694583;0,000512820512820513
2020-08-31;0,17;"2020";0,532101947365852;"Anse de Carteau 2";"NON";NA;0,0631092713232512;0,0582289129694583;0,0038376897299522;0,0582289129694583;0,000512820512820513
2020-09-14;1,32;"2020";1,20937109308953;"Anse de Carteau 2";"NON";NA;0,0631092713232512;0,0582289129694583;0,0038376897299522;0,0582289129694583;0,000512820512820513
2020-09-28;0,48;"2020";-0,205823904352254;"Anse de Carteau 2";"NON";NA;0,0631092713232512;0,0582289129694583;0,0038376897299522;0,0582289129694583;0,000512820512820513
2020-10-12;0,42;"2020";0,153678090358676;"Anse de Carteau 2";"NON";NA;0,0631092713232512;0,0582289129694583;0,0038376897299522;0,0582289129694583;0,000512820512820513
2020-10-26;1,25;"2020";1,22224897409086;"Anse de Carteau 2";"NON";NA;0,0631092713232512;0,0582289129694583;0,0038376897299522;0,0582289129694583;0,000512820512820513
2020-11-09;0,56;"2020";0,891921994060199;"Anse de Carteau 2";"NON";NA;0,0631092713232512;0,0582289129694583;0,0038376897299522;0,0582289129694583;0,000512820512820513
2020-11-23;1,19;"2020";1,67376185917777;"Anse de Carteau 2";"NON";NA;0,0631092713232512;0,0582289129694583;0,0038376897299522;0,0582289129694583;0,000512820512820513
2020-12-07;0,86;"2020";1,26367712188052;"Anse de Carteau 2";"NON";NA;0,0631092713232512;0,0582289129694583;0,0038376897299522;0,0582289129694583;0,000512820512820513
2020-12-21;0,79;"2020";0,912840640403445;"Anse de Carteau 2";"NON";NA;0,0631092713232512;0,0582289129694583;0,0038376897299522;0,0582289129694583;0,000512820512820513
2021-01-04;0,55;"2021";0,822347173640642;"Anse de Carteau 2";"NON";NA;0,0631092713232512;0,0582289129694583;0,0038376897299522;0,0582289129694583;0,000512820512820513
2021-01-18;0,31;"2021";0,500362935178864;"Anse de Carteau 2";"NON";NA;0,0631092713232512;0,0582289129694583;0,0038376897299522;0,0582289129694583;0,000512820512820513
2021-02-01;0,62;"2021";1,07464941262905;"Anse de Carteau 2";"NON";NA;0,0631092713232512;0,0582289129694583;0,0038376897299522;0,0582289129694583;0,000512820512820513
2021-02-15;0,51;"2021";0,703637089613059;"Anse de Carteau 2";"NON";NA;0,0631092713232512;0,0582289129694583;0,0038376897299522;0,0582289129694583;0,000512820512820513
2021-03-01;0,79;"2021";0,966531271315382;"Anse de Carteau 2";"NON";NA;0,0631092713232512;0,0582289129694583;0,0038376897299522;0,0582289129694583;0,000512820512820513
2021-03-15;0,73;"2021";0,656266867418838;"Anse de Carteau 2";"NON";NA;0,0631092713232512;0,0582289129694583;0,0038376897299522;0,0582289129694583;0,000512820512820513
2021-03-29;0,61;"2021";0,564635836613581;"Anse de Carteau 2";"NON";NA;0,0631092713232512;0,0582289129694583;0,0038376897299522;0,0582289129694583;0,000512820512820513
2021-04-12;1,47;"2021";1,12257583498833;"Anse de Carteau 2";"NON";NA;0,0631092713232512;0,0582289129694583;0,0038376897299522;0,0582289129694583;0,000512820512820513
2021-04-26;1,34;"2021";1,01159277916993;"Anse de Carteau 2";"NON";NA;0,0631092713232512;0,0582289129694583;0,0038376897299522;0,0582289129694583;0,000512820512820513
2021-05-10;1,16;"2021";1,04664554058508;"Anse de Carteau 2";"NON";NA;0,0631092713232512;0,0582289129694583;0,0038376897299522;0,0582289129694583;0,000512820512820513
2021-05-24;1,05733333333333;"2021";0,619483171965521;"Anse de Carteau 2";"NON";NA;0,0631092713232512;0,0582289129694583;0,0038376897299522;0,0582289129694583;0,000512820512820513
2021-06-07;1,53;"2021";1,18418877291727;"Anse de Carteau 2";"NON";NA;0,0631092713232512;0,0582289129694583;0,0038376897299522;0,0582289129694583;0,000512820512820513
2021-06-21;2,68;"2021";2,45956987337018;"Anse de Carteau 2";"NON";NA;0,0631092713232512;0,0582289129694583;0,0038376897299522;0,0582289129694583;0,000512820512820513
2021-07-05;1,23;"2021";1,09192389602158;"Anse de Carteau 2";"NON";NA;0,0631092713232512;0,0582289129694583;0,0038376897299522;0,0582289129694583;0,000512820512820513
2021-07-19;0,91;"2021";1,18783339534159;"Anse de Carteau 2";"NON";NA;0,0631092713232512;0,0582289129694583;0,0038376897299522;0,0582289129694583;0,000512820512820513
2021-08-02;1,35;"2021";1,28424627084717;"Anse de Carteau 2";"NON";NA;0,0631092713232512;0,0582289129694583;0,0038376897299522;0,0582289129694583;0,000512820512820513
2021-08-16;1,34;"2021";1,27706539564267;"Anse de Carteau 2";"NON";NA;0,0631092713232512;0,0582289129694583;0,0038376897299522;0,0582289129694583;0,000512820512820513
2021-08-30;0,49;"2021";0,852101947365852;"Anse de Carteau 2";"NON";NA;0,0631092713232512;0,0582289129694583;0,0038376897299522;0,0582289129694583;0,000512820512820513
2021-09-13;0,54;"2021";0,429371093089533;"Anse de Carteau 2";"NON";NA;0,0631092713232512;0,0582289129694583;0,0038376897299522;0,0582289129694583;0,000512820512820513
2021-09-27;6,17;"2021";5,48417609564775;"Anse de Carteau 2";"OUI";NA;0,0631092713232512;0,0582289129694583;0,0038376897299522;0,0582289129694583;0,000512820512820513
2021-10-11;0,73;"2021";0,463678090358676;"Anse de Carteau 2";"NON";NA;0,0631092713232512;0,0582289129694583;0,0038376897299522;0,0582289129694583;0,000512820512820513
2021-10-25;0,483793103448276;"2021";0,456042077539133;"Anse de Carteau 2";"NON";NA;0,0631092713232512;0,0582289129694583;0,0038376897299522;0,0582289129694583;0,000512820512820513
2021-11-08;0,237586206896552;"2021";0,56950820095675;"Anse de Carteau 2";"NON";NA;0,0631092713232512;0,0582289129694583;0,0038376897299522;0,0582289129694583;0,000512820512820513
2021-11-22;1;"2021";1,48376185917777;"Anse de Carteau 2";"NON";NA;0,0631092713232512;0,0582289129694583;0,0038376897299522;0,0582289129694583;0,000512820512820513
2021-12-06;1,37;"2021";1,77367712188052;"Anse de Carteau 2";"NON";NA;0,0631092713232512;0,0582289129694583;0,0038376897299522;0,0582289129694583;0,000512820512820513
2021-12-20;1,38;"2021";1,50284064040344;"Anse de Carteau 2";"NON";NA;0,0631092713232512;0,0582289129694583;0,0038376897299522;0,0582289129694583;0,000512820512820513
2022-01-03;0,73;"2022";1,00234717364064;"Anse de Carteau 2";"NON";NA;0,0631092713232512;0,0582289129694583;0,0038376897299522;0,0582289129694583;0,000512820512820513
2022-01-17;2,09;"2022";2,28036293517886;"Anse de Carteau 2";"NON";NA;0,0631092713232512;0,0582289129694583;0,0038376897299522;0,0582289129694583;0,000512820512820513
2022-01-31;0,63;"2022";1,08464941262905;"Anse de Carteau 2";"NON";NA;0,0631092713232512;0,0582289129694583;0,0038376897299522;0,0582289129694583;0,000512820512820513
2022-02-14;1,19;"2022";1,38363708961306;"Anse de Carteau 2";"NON";NA;0,0631092713232512;0,0582289129694583;0,0038376897299522;0,0582289129694583;0,000512820512820513
2022-02-28;1,87;"2022";2,04653127131538;"Anse de Carteau 2";"NON";NA;0,0631092713232512;0,0582289129694583;0,0038376897299522;0,0582289129694583;0,000512820512820513
2022-03-14;3,61;"2022";3,53626686741884;"Anse de Carteau 2";"OUI";NA;0,0631092713232512;0,0582289129694583;0,0038376897299522;0,0582289129694583;0,000512820512820513
2022-03-28;1,33;"2022";1,28463583661358;"Anse de Carteau 2";"NON";NA;0,0631092713232512;0,0582289129694583;0,0038376897299522;0,0582289129694583;0,000512820512820513
2022-04-11;0,64;"2022";0,292575834988328;"Anse de Carteau 2";"NON";NA;0,0631092713232512;0,0582289129694583;0,0038376897299522;0,0582289129694583;0,000512820512820513
2022-04-25;1,5;"2022";1,17159277916993;"Anse de Carteau 2";"NON";NA;0,0631092713232512;0,0582289129694583;0,0038376897299522;0,0582289129694583;0,000512820512820513
2022-05-09;0,52;"2022";0,406645540585082;"Anse de Carteau 2";"NON";NA;0,0631092713232512;0,0582289129694583;0,0038376897299522;0,0582289129694583;0,000512820512820513
2022-05-23;0,93;"2022";0,492149838632187;"Anse de Carteau 2";"NON";NA;0,0631092713232512;0,0582289129694583;0,0038376897299522;0,0582289129694583;0,000512820512820513
2022-06-06;0,435333333333333;"2022";0,0895221062506033;"Anse de Carteau 2";"NON";NA;0,0631092713232512;0,0582289129694583;0,0038376897299522;0,0582289129694583;0,000512820512820513
2022-06-20;0,52;"2022";0,299569873370184;"Anse de Carteau 2";"NON";NA;0,0631092713232512;0,0582289129694583;0,0038376897299522;0,0582289129694583;0,000512820512820513
2022-07-04;0,58;"2022";0,441923896021579;"Anse de Carteau 2";"NON";NA;0,0631092713232512;0,0582289129694583;0,0038376897299522;0,0582289129694583;0,000512820512820513
2022-07-18;0,89;"2022";1,16783339534159;"Anse de Carteau 2";"NON";NA;0,0631092713232512;0,0582289129694583;0,0038376897299522;0,0582289129694583;0,000512820512820513
2022-08-01;0,33;"2022";0,264246270847172;"Anse de Carteau 2";"NON";NA;0,0631092713232512;0,0582289129694583;0,0038376897299522;0,0582289129694583;0,000512820512820513
2022-08-15;3,018;"2022";2,95506539564267;"Anse de Carteau 2";"OUI";NA;0,0631092713232512;0,0582289129694583;0,0038376897299522;0,0582289129694583;0,000512820512820513
2022-08-29;0,43;"2022";0,792101947365852;"Anse de Carteau 2";"NON";NA;0,0631092713232512;0,0582289129694583;0,0038376897299522;0,0582289129694583;0,000512820512820513
